{"mean_acc": -0.1065823473824146, "std": 0.03543758489157664, "list": [-0.09017945922357512, -0.10423218705487837, -0.1082821336783303, -0.16922107496309743, -0.06099688199219178]}